Workbook

Sheet Sheet1
A1: Player | B1: Salary($) | C1: Move | D1: Adjusted Cap Hit | E1: QPts | F1: BirdEligible? | G1: Warnings | H1: VETMIN | I1: MLEEligible?
A2: ⭐ Wing A | B2: 45000000 | C2: Keep | D2: =IF($C2="Cut",0, IF($C2="Trade",0, IF($C2="Keep",$B2, IF($C2="Bird", IF($F2,0,$B2), IF($C2="MLE", IF($I2,0,$B2), IF($C2="VetMin",IF($H2,0,$B2), $B2)))))) -> 45000000 | E2: 10 | F2: =IFERROR(VLOOKUP(A2, Defaults!$A$2:$F$13, 6, FALSE), FALSE) -> FALSE | G2: =IF(AND($C2="VetMin",$B2<>2000000),"❌ VetMin allowed only on $2M players","") | H2: =($B2=2000000) -> FALSE | I2: {=XLOOKUP($A2,Defaults!$A:$A,Defaults!$G:$G,0)} -> FALSE
A3: ⭐ Guard B | B3: 38000000 | C3: Keep | D3: =IF($C3="Cut",0, IF($C3="Trade",0, IF($C3="Keep",$B3, IF($C3="Bird", IF($F3,0,$B3), IF($C3="MLE", IF($I3,0,$B3), IF($C3="VetMin",IF($H3,0,$B3), $B3)))))) -> 38000000 | E3: 10 | F3: =IFERROR(VLOOKUP(A3, Defaults!$A$2:$F$13, 6, FALSE), FALSE) -> FALSE | G3: =IF(AND($C3="VetMin",$B3<>2000000),"❌ VetMin allowed only on $2M players","") | H3: =($B3=2000000) -> FALSE | I3: {=XLOOKUP($A3,Defaults!$A:$A,Defaults!$G:$G,0)} -> FALSE
A4: ⭐ Big C | B4: 30000000 | C4: Keep | D4: =IF($C4="Cut",0, IF($C4="Trade",0, IF($C4="Keep",$B4, IF($C4="Bird", IF($F4,0,$B4), IF($C4="MLE", IF($I4,0,$B4), IF($C4="VetMin",IF($H4,0,$B4), $B4)))))) -> 30000000 | E4: 10 | F4: =IFERROR(VLOOKUP(A4, Defaults!$A$2:$F$13, 6, FALSE), FALSE) -> FALSE | G4: =IF(AND($C4="VetMin",$B4<>2000000),"❌ VetMin allowed only on $2M players","") | H4: =($B4=2000000) -> FALSE | I4: {=XLOOKUP($A4,Defaults!$A:$A,Defaults!$G:$G,0)} -> FALSE
A5: Starter D | B5: 18000000 | C5: Keep | D5: =IF($C5="Cut",0, IF($C5="Trade",0, IF($C5="Keep",$B5, IF($C5="Bird", IF($F5,0,$B5), IF($C5="MLE", IF($I5,0,$B5), IF($C5="VetMin",IF($H5,0,$B5), $B5)))))) -> 18000000 | E5: 7 | F5: =IFERROR(VLOOKUP(A5, Defaults!$A$2:$F$13, 6, FALSE), FALSE) -> FALSE | G5: =IF(AND($C5="VetMin",$B5<>2000000),"❌ VetMin allowed only on $2M players","") | H5: =($B5=2000000) -> FALSE | I5: {=XLOOKUP($A5,Defaults!$A:$A,Defaults!$G:$G,0)} -> FALSE
A6: Starter E | B6: 14000000 | C6: Keep | D6: =IF($C6="Cut",0, IF($C6="Trade",0, IF($C6="Keep",$B6, IF($C6="Bird", IF($F6,0,$B6), IF($C6="MLE", IF($I6,0,$B6), IF($C6="VetMin",IF($H6,0,$B6), $B6)))))) -> 14000000 | E6: 6 | F6: =IFERROR(VLOOKUP(A6, Defaults!$A$2:$F$13, 6, FALSE), FALSE) -> FALSE | G6: =IF(AND($C6="VetMin",$B6<>2000000),"❌ VetMin allowed only on $2M players","") | H6: =($B6=2000000) -> FALSE | I6: {=XLOOKUP($A6,Defaults!$A:$A,Defaults!$G:$G,0)} -> TRUE
A7: Role F | B7: 10000000 | C7: Keep | D7: =IF($C7="Cut",0, IF($C7="Trade",0, IF($C7="Keep",$B7, IF($C7="Bird", IF($F7,0,$B7), IF($C7="MLE", IF($I7,0,$B7), IF($C7="VetMin",IF($H7,0,$B7), $B7)))))) -> 10000000 | E7: 5 | F7: =IFERROR(VLOOKUP(A7, Defaults!$A$2:$F$13, 6, FALSE), FALSE) -> TRUE | G7: =IF(AND($C7="VetMin",$B7<>2000000),"❌ VetMin allowed only on $2M players","") | H7: =($B7=2000000) -> FALSE | I7: {=XLOOKUP($A7,Defaults!$A:$A,Defaults!$G:$G,0)} -> TRUE
A8: Role G | B8: 7000000 | C8: Keep | D8: =IF($C8="Cut",0, IF($C8="Trade",0, IF($C8="Keep",$B8, IF($C8="Bird", IF($F8,0,$B8), IF($C8="MLE", IF($I8,0,$B8), IF($C8="VetMin",IF($H8,0,$B8), $B8)))))) -> 7000000 | E8: 4 | F8: =IFERROR(VLOOKUP(A8, Defaults!$A$2:$F$13, 6, FALSE), FALSE) -> FALSE | G8: =IF(AND($C8="VetMin",$B8<>2000000),"❌ VetMin allowed only on $2M players","") | H8: =($B8=2000000) -> FALSE | I8: {=XLOOKUP($A8,Defaults!$A:$A,Defaults!$G:$G,0)} -> TRUE
A9: Role H | B9: 5000000 | C9: Keep | D9: =IF($C9="Cut",0, IF($C9="Trade",0, IF($C9="Keep",$B9, IF($C9="Bird", IF($F9,0,$B9), IF($C9="MLE", IF($I9,0,$B9), IF($C9="VetMin",IF($H9,0,$B9), $B9)))))) -> 5000000 | E9: 3 | F9: =IFERROR(VLOOKUP(A9, Defaults!$A$2:$F$13, 6, FALSE), FALSE) -> TRUE | G9: =IF(AND($C9="VetMin",$B9<>2000000),"❌ VetMin allowed only on $2M players","") | H9: =($B9=2000000) -> FALSE | I9: {=XLOOKUP($A9,Defaults!$A:$A,Defaults!$G:$G,0)} -> TRUE
A10: Role I | B10: 4000000 | C10: Keep | D10: =IF($C10="Cut",0, IF($C10="Trade",0, IF($C10="Keep",$B10, IF($C10="Bird", IF($F10,0,$B10), IF($C10="MLE", IF($I10,0,$B10), IF($C10="VetMin",IF($H10,0,$B10), $B10)))))) -> 4000000 | E10: 3 | F10: =IFERROR(VLOOKUP(A10, Defaults!$A$2:$F$13, 6, FALSE), FALSE) -> FALSE | G10: =IF(AND($C10="VetMin",$B10<>2000000),"❌ VetMin allowed only on $2M players","") | H10: =($B10=2000000) -> FALSE | I10: {=XLOOKUP($A10,Defaults!$A:$A,Defaults!$G:$G,0)} -> TRUE
A11: Min J | B11: 2000000 | C11: Keep | D11: =IF($C11="Cut",0, IF($C11="Trade",0, IF($C11="Keep",$B11, IF($C11="Bird", IF($F11,0,$B11), IF($C11="MLE", IF($I11,0,$B11), IF($C11="VetMin",IF($H11,0,$B11), $B11)))))) -> 2000000 | E11: 2 | F11: =IFERROR(VLOOKUP(A11, Defaults!$A$2:$F$13, 6, FALSE), FALSE) -> TRUE | G11: =IF(AND($C11="VetMin",$B11<>2000000),"❌ VetMin allowed only on $2M players","") | H11: =($B11=2000000) -> TRUE | I11: {=XLOOKUP($A11,Defaults!$A:$A,Defaults!$G:$G,0)} -> TRUE
A12: Min K | B12: 2000000 | C12: Keep | D12: =IF($C12="Cut",0, IF($C12="Trade",0, IF($C12="Keep",$B12, IF($C12="Bird", IF($F12,0,$B12), IF($C12="MLE", IF($I12,0,$B12), IF($C12="VetMin",IF($H12,0,$B12), $B12)))))) -> 2000000 | E12: 2 | F12: =IFERROR(VLOOKUP(A12, Defaults!$A$2:$F$13, 6, FALSE), FALSE) -> FALSE | G12: =IF(AND($C12="VetMin",$B12<>2000000),"❌ VetMin allowed only on $2M players","") | H12: =($B12=2000000) -> TRUE | I12: {=XLOOKUP($A12,Defaults!$A:$A,Defaults!$G:$G,0)} -> TRUE
A13: Min L | B13: 2000000 | C13: Keep | D13: =IF($C13="Cut",0, IF($C13="Trade",0, IF($C13="Keep",$B13, IF($C13="Bird", IF($F13,0,$B13), IF($C13="MLE", IF($I13,0,$B13), IF($C13="VetMin",IF($H13,0,$B13), $B13)))))) -> 2000000 | E13: 2 | F13: =IFERROR(VLOOKUP(A13, Defaults!$A$2:$F$13, 6, FALSE), FALSE) -> FALSE | G13: =IF(AND($C13="VetMin",$B13<>2000000),"❌ VetMin allowed only on $2M players","") | H13: =($B13=2000000) -> TRUE | I13: {=XLOOKUP($A13,Defaults!$A:$A,Defaults!$G:$G,0)} -> TRUE
B15: Quality Points | C15: =SUMPRODUCT(($C$2:$C$13<>"Cut")*($C$2:$C$13<>"Trade")*($E$2:$E$13)) -> 64
E16: Bird Allowance | F16: =MIN( SUMPRODUCT(($C$2:$C$13="Bird")*($F$2:$F$13=TRUE)*$B$2:$B$13), MAX(0, SUM($D$2:$D$13) - $B$18) ) -> 0
J17: Rule Checks | K17: Reason if Fails
A18: Cap($) | B18: 120000000 | E18: MLE Count | F18: =COUNTIF($C$2:$C$13,"MLE") -> 0 | I18: Cap | J18: =SUM($D$2:$D$13) <= $B$18 + $D$18 -> FALSE | K18: =IF(J18,"","Over cap (payroll exceeds cap + soft-cap allowances)") -> Over cap (payroll exceeds cap + soft-cap allowances)
A19: Total Payroll | B19: =SUM($D$2:$D$13) -> 177000000 | E19: Bird/Keep Stars OK? | F19: =COUNTIFS($A$2:$A$13,"⭐*", $C$2:$C$13,"<>Cut/Trade") -> 3 | I19: Roster Size | J19: =B20 >= 10 -> TRUE | K19: =IF(J19,"","Need at least 10 players")
A20: Players Count | B20: =COUNTIFS($C$2:$C$13,"<>Cut",$C$2:$C$13,"<>Trade") -> 12 | E20: VetMin Count | F20: =COUNTIF($C$2:$C$13,"VetMin") -> 0 | I20: Stars Kept | J20: =B21 >= 2 -> TRUE | K20: =IF(J20,"","Keep the required number of stars")
A21: Stars Kept | B21: =COUNTIFS($A$2:$A$13,"⭐*", $C$2:$C$13,"<>Cut") -> 3 | I21: MLE | J21: =COUNTIF($G$2:$G$13,"MLE_INVALID")=0 -> TRUE | K21: =IF(J21,"","Use exactly one MLE")
A22: Status | B22: =IF(AND(J18,J19,J20,J21,J22,J23),"YES","NO") -> NO | I22: VetMin Limits | J22: =COUNTIF(C2:C13,"VetMin")<=4 -> TRUE | K22: =IF(J22,"","Too many VetMin deals (max 4)")
A23: Why | I23: Quality Floor | J23: =C15 >=50 -> TRUE | K23: =IF(J23,"","Quality points too low")
A24: Claim Code | B24: =IF($B$22="YES", "CC-201L1-" & TEXT( CHOOSE( 1 + MOD( 201*37 + 1*7 + SUMPRODUCT(($C$2:$C$13<>"Keep")*($B$2:$B$13<>"")) + 3*COUNTIF($C$2:$C$13,"Bird") + 5*COUNTIF($C$2:$C$13,"VetMin"), 3), 11,22,33 ), "00"), "") | I24: BirdLimit
D27: FINISH

Sheet Defaults
A1: Player | B1: Salary | C1: DefaultMove | D1: Score | E1: (blank) | F1: BirdEligible? | G1: MLEEligible?
A2: ⭐ Wing A | B2: 45000000 | C2: period3-2024 | D2: {=SUM(CODE(MID($C$2 & A2, SEQUENCE(LEN($C$2 & A2),1), 1)))} -> 12593 | F2: =RANK(D2, $D$2:$D$13, 1) <= 3 -> FALSE | G2: =B2<=14000000 -> FALSE
A3: ⭐ Guard B | B3: 38000000 | D3: {=SUM(CODE(MID($C$2 & A3, SEQUENCE(LEN($C$2 & A3),1), 1)))} -> 12656 | F3: =RANK(D3, $D$2:$D$13, 1) <= 3 -> FALSE | G3: =B3<=14000000 -> FALSE
A4: ⭐ Big C | B4: 30000000 | D4: {=SUM(CODE(MID($C$2 & A4, SEQUENCE(LEN($C$2 & A4),1), 1)))} -> 12464 | F4: =RANK(D4, $D$2:$D$13, 1) <= 3 -> FALSE | G4: =B4<=14000000 -> FALSE
A5: Starter D | B5: 18000000 | D5: {=SUM(CODE(MID($C$2 & A5, SEQUENCE(LEN($C$2 & A5),1), 1)))} -> 1780 | F5: =RANK(D5, $D$2:$D$13, 1) <= 3 -> FALSE | G5: =B5<=14000000 -> FALSE
A6: Starter E | B6: 14000000 | D6: {=SUM(CODE(MID($C$2 & A6, SEQUENCE(LEN($C$2 & A6),1), 1)))} -> 1813 | F6: =RANK(D6, $D$2:$D$13, 1) <= 3 -> FALSE | G6: =B6<=14000000 -> TRUE
A7: Role F | B7: 10000000 | D7: {=SUM(CODE(MID($C$2 & A7, SEQUENCE(LEN($C$2 & A7),1), 1)))} -> 1475 | F7: =RANK(D7, $D$2:$D$13, 1) <= 3 -> TRUE | G7: =B7<=14000000 -> TRUE
A8: Role G | B8: 7000000 | D8: {=SUM(CODE(MID($C$2 & A8, SEQUENCE(LEN($C$2 & A8),1), 1)))} -> 1508 | F8: =RANK(D8, $D$2:$D$13, 1) <= 3 -> FALSE | G8: =B8<=14000000 -> TRUE
A9: Role H | B9: 5000000 | D9: {=SUM(CODE(MID($C$2 & A9, SEQUENCE(LEN($C$2 & A9),1), 1)))} -> 1477 | F9: =RANK(D9, $D$2:$D$13, 1) <= 3 -> TRUE | G9: =B9<=14000000 -> TRUE
A10: Role I | B10: 4000000 | D10: {=SUM(CODE(MID($C$2 & A10, SEQUENCE(LEN($C$2 & A10),1), 1)))} -> 1478 | F10: =RANK(D10, $D$2:$D$13, 1) <= 3 -> FALSE | G10: =B10<=14000000 -> TRUE
A11: Min J | B11: 2000000 | D11: {=SUM(CODE(MID($C$2 & A11, SEQUENCE(LEN($C$2 & A11),1), 1)))} -> 1369 | F11: =RANK(D11, $D$2:$D$13, 1) <= 3 -> TRUE | G11: =B11<=14000000 -> TRUE
A12: Min K | B12: 2000000 | F12: =RANK(D12, $D$2:$D$13, 1) <= 3 -> #N/A | G12: =B12<=14000000 -> TRUE
A13: Min L | B13: 2000000 | F13: =RANK(D13, $D$2:$D$13, 1) <= 3 -> #N/A | G13: =B13<=14000000 -> TRUE
